{
  "best_metric": null,
  "best_model_checkpoint": null,
  "epoch": 4.0,
  "global_step": 400,
  "is_hyper_param_search": false,
  "is_local_process_zero": true,
  "is_world_process_zero": true,
  "log_history": [
    {
      "epoch": 1.0,
      "eval_accuracy": 0.7910879463902174,
      "eval_f1": 0.08630351939027124,
      "eval_loss": 0.513088583946228,
      "eval_precision": 0.14133627019089573,
      "eval_recall": 0.062116811874798325,
      "eval_runtime": 1.9631,
      "eval_samples_per_second": 49.922,
      "eval_steps_per_second": 6.622,
      "step": 100
    },
    {
      "epoch": 2.0,
      "eval_accuracy": 0.8495088633695123,
      "eval_f1": 0.3931221719457013,
      "eval_loss": 0.3456386625766754,
      "eval_precision": 0.4476504534212696,
      "eval_recall": 0.3504356243949661,
      "eval_runtime": 1.9713,
      "eval_samples_per_second": 49.713,
      "eval_steps_per_second": 6.595,
      "step": 200
    },
    {
      "epoch": 3.0,
      "eval_accuracy": 0.9039777771413844,
      "eval_f1": 0.6645988766870651,
      "eval_loss": 0.25266504287719727,
      "eval_precision": 0.691676845227709,
      "eval_recall": 0.6395611487576638,
      "eval_runtime": 1.9893,
      "eval_samples_per_second": 49.264,
      "eval_steps_per_second": 6.535,
      "step": 300
    },
    {
      "epoch": 4.0,
      "eval_accuracy": 0.9349064978951287,
      "eval_f1": 0.7751791479644066,
      "eval_loss": 0.20617817342281342,
      "eval_precision": 0.7571142901092139,
      "eval_recall": 0.7941271377863827,
      "eval_runtime": 1.9755,
      "eval_samples_per_second": 49.609,
      "eval_steps_per_second": 6.581,
      "step": 400
    }
  ],
  "max_steps": 1500,
  "num_train_epochs": 15,
  "total_flos": 0.0,
  "trial_name": null,
  "trial_params": null
}
